{
  "title": "Route_data",
  "type": "object",
  "properties": {
    "yaw": {
      "type": "number",
      "minimum": 0,
      "maximum": 359.99,
      "example": 0
    },
    "toBody": {
      "type": "boolean"
    },
    "velocity": {
      "type": "number",
      "minimum": 0,
      "maximum": 15,
      "example": 5
    },
    "actionOnRouteEnd": {
      "type": "string",
      "enum": [
        "Loiter",
        "Hold",
        "Hover"
      ],
      "example": "Loiter"
    },
    "routePoints": {
      "type": "array",
      "minItems": 2,
      "maxItems": 1000,
      "items": {
        "$ref": "./Point_of_Route.v1.json"
      }
    }
  },
  "required": [
    "yaw",
    "toBody",
    "velocity",
    "actionOnRouteEnd",
    "routePoints"
  ]
}