{
  "allOf": [
    {
      "type": "object",
      "properties": {
        "id": {
          "type": "string",
          "description": "On create of ELP no need to send ID that is generated by the sustem"
        },
        "name": {
          "type": "string"
        },
        "status": {
          "type": "string",
          "enum": [
            "Unknown",
            "Free",
            "Busy"
          ],
          "description": "Use only for ELP status updates (read only)"
        },
        "point": {
          "$ref": "../geo/GeoPoint.v1.json"
        },
        "creationTime": {
          "type": "number",
          "description": "Timestamp of creation time (Read only)"
        },
        "airVehicleId": {
          "type": "string"
        }
      },
      "required": [
        "name",
        "point"
      ]
    },
    {
      "$ref": "../Mission/MissionRequests/AGL_PARAMS.json"
    }
  ],
  "examples": [
    {
      "id": "string",
      "name": "string",
      "status": "Unknown",
      "point": {
        "geometry": {
          "type": "Point",
          "coordinates": [
            0,
            0
          ]
        }
      },
      "creationTime": 0,
      "airVehicleId": "string",
      "isAGL": true,
      "altitudeRange": {
        "min": 0,
        "max": 0
      },
      "maxAltASL": 0,
      "slope": {
        "min": 0,
        "max": 0
      }
    }
  ]
}