{
  "title": "DYNAMIC_POINT_MISSION",
  "type": "object",
  "description": "The target point to follow by air vhicle and gimbal",
  "examples": [
    {
      "dynamicPointLocation": {
        "latitude": 34.81,
        "longitude": 32.161,
        "altitude": 50
      },
      "name": "string"
    }
  ],
  "properties": {
    "dynamicPointLocation": {
      "$ref": "../../geo/GEOPOINT3D.v1.json"
    },
    "name": {
      "type": "string"
    },
    "distanceToDynamicPoint": {
      "type": "number",
      "description": "The distance the drone will observe the target. If field was not sent - deafault config will be taken"
    },
    "isNoGPS": {
      "type": "boolean",
      "description": "Is mission without GPS"
    }
  },
  "required": [
    "dynamicPointLocation",
    "name"
  ]
}