{
  "title": "SITE_DATA",
  "anyOf": [
    {
      "$ref": "../General/ASYNC_RESPONSE.v1.json"
    },
    {
      "type": "object",
      "properties": {
        "site": {
          "type": "object",
          "properties": {
            "version": {
              "type": "number"
            },
            "perimeter": {
              "$ref": "./Perimeter.v1.json"
            },
            "nfzs": {
              "type": "array",
              "items": {
                "$ref": "./NFZ.v1.json"
              }
            }
          },
          "required": [
            "version",
            "perimeter",
            "nfzs"
          ]
        }
      }
    }
  ],
  "examples": [
    {
      "success": true,
      "site": {
        "version": 1629964829463,
        "nfzs": [
          {
            "id": "mhjxkyj",
            "name": "100",
            "polygonPoints": [
              [
                34.88530397415162,
                32.13571046880416
              ],
              [
                34.886612892150886,
                32.13465659377958
              ],
              [
                34.886130094528205,
                32.13401154357631
              ],
              [
                34.88448858261109,
                32.13495640429309
              ],
              [
                34.88530397415162,
                32.13571046880416
              ]
            ],
            "maxAlt": 100,
            "type": "static"
          },
          {
            "id": "coxhjf",
            "name": "g",
            "polygonPoints": [
              [
                34.678140878677375,
                31.871425939510956
              ],
              [
                34.679385423660285,
                31.872473733557875
              ],
              [
                34.681144952774055,
                31.87322084899321
              ],
              [
                34.682614803314216,
                31.872993070538957
              ],
              [
                34.68326926231385,
                31.87149882991717
              ],
              [
                34.68478202819825,
                31.87079725736412
              ],
              [
                34.68482494354249,
                31.868774511793678
              ],
              [
                34.67769026756287,
                31.86891118519021
              ],
              [
                34.678140878677375,
                31.871425939510956
              ]
            ],
            "type": "static"
          },
          {
            "id": "wlnxksuirs",
            "name": "h",
            "polygonPoints": [
              [
                34.68345701694489,
                31.87266734637107
              ],
              [
                34.684626460075386,
                31.872662790780133
              ],
              [
                34.684857130050666,
                31.871683333500258
              ],
              [
                34.683639407157905,
                31.87081320225418
              ],
              [
                34.68244850635529,
                31.871510219037923
              ],
              [
                34.68257725238801,
                31.872503344955636
              ],
              [
                34.68345701694489,
                31.87266734637107
              ]
            ],
            "type": "static"
          },
          {
            "id": "lajctwrfdr",
            "name": " ",
            "polygonPoints": [
              [
                34.884280442438474,
                32.13382469170188
              ],
              [
                34.884773968897214,
                32.13394723809726
              ],
              [
                34.88479542656933,
                32.13384738549122
              ],
              [
                34.884280442438474,
                32.13382469170188
              ]
            ],
            "type": "static"
          },
          {
            "id": "gpednojbzd",
            "name": "70",
            "polygonPoints": [
              [
                34.88228917121888,
                32.13357582031291
              ],
              [
                34.88210678100587,
                32.13257728526802
              ],
              [
                34.88229990005494,
                32.13248650881284
              ],
              [
                34.88251447677613,
                32.13352135504686
              ],
              [
                34.88228917121888,
                32.13357582031291
              ]
            ],
            "maxAlt": 21.33599931724802,
            "type": "static"
          },
          {
            "id": "hetfmjebxg",
            "name": "City center",
            "polygonPoints": [
              [
                34.74168777465821,
                31.826633000151546
              ],
              [
                34.746043682098396,
                31.82803681195785
              ],
              [
                34.74799633026124,
                31.82854728368526
              ],
              [
                34.74924087524415,
                31.82827381703948
              ],
              [
                34.75014209747315,
                31.82759926251604
              ],
              [
                34.75263118743897,
                31.82395293651337
              ],
              [
                34.75121498107911,
                31.821382190123483
              ],
              [
                34.74776029586793,
                31.82006944095523
              ],
              [
                34.74398374557496,
                31.82240320435083
              ],
              [
                34.74267482757569,
                31.821436887600484
              ],
              [
                34.74074363708497,
                31.824080560355625
              ],
              [
                34.740056991577156,
                31.826286601746673
              ],
              [
                34.74168777465821,
                31.826633000151546
              ]
            ],
            "type": "static"
          },
          {
            "id": "aszhdddyct",
            "name": "NFZ",
            "polygonPoints": [
              [
                34.74861860275269,
                31.836623299429817
              ],
              [
                34.74870443344117,
                31.834891481870656
              ],
              [
                34.751343728421496,
                31.83467272365647
              ],
              [
                34.75376844537096,
                31.837680603645072
              ],
              [
                34.75301742684679,
                31.83815456367096
              ],
              [
                34.751107694028185,
                31.836349856712804
              ],
              [
                34.74861860275269,
                31.836623299429817
              ]
            ],
            "type": "static"
          },
          {
            "id": "xdscvrxqx",
            "name": "Restricted zone",
            "polygonPoints": [
              [
                34.736366273282336,
                31.832886178830623
              ],
              [
                34.736108781216906,
                31.831847050116107
              ],
              [
                34.73876953255968,
                31.83018806598965
              ],
              [
                34.73947763573961,
                31.83182881968335
              ],
              [
                34.739370347379015,
                31.8333966237385
              ],
              [
                34.736366273282336,
                31.832886178830623
              ]
            ],
            "type": "static"
          },
          {
            "id": "cijbwkxi",
            "name": "NFZ",
            "polygonPoints": [
              [
                -120.14582991600038,
                39.18312129093109
              ],
              [
                -120.1451486349106,
                39.18314208155203
              ],
              [
                -120.14507353305818,
                39.182838537875895
              ],
              [
                -120.14596402645113,
                39.18281774716517
              ],
              [
                -120.14598548412324,
                39.18305891903139
              ],
              [
                -120.14582991600038,
                39.18312129093109
              ]
            ],
            "type": "static"
          },
          {
            "id": "rozgltj",
            "name": "heloo",
            "polygonPoints": [
              [
                -117.19974517822267,
                32.891984367967275
              ],
              [
                -117.19953060150148,
                32.89054292278967
              ],
              [
                -117.19699859619142,
                32.89050688635976
              ],
              [
                -117.19721317291261,
                32.89216454696548
              ],
              [
                -117.19729900360109,
                32.89212851119514
              ],
              [
                -117.19974517822267,
                32.891984367967275
              ]
            ],
            "type": "static"
          },
          {
            "id": "bqzvl",
            "name": "fgf",
            "polygonPoints": [
              [
                -117.19900488853456,
                32.8964346819634
              ],
              [
                -117.19847917556764,
                32.896749979129545
              ],
              [
                -117.19840407371522,
                32.896209469014735
              ],
              [
                -117.19900488853456,
                32.8964346819634
              ]
            ],
            "type": "static"
          },
          {
            "id": "scipapbotw",
            "name": "33",
            "polygonPoints": [
              [
                -117.19885870814323,
                32.896264286942035
              ],
              [
                -117.19914838671687,
                32.89593540270669
              ],
              [
                -117.19889089465141,
                32.89579123388981
              ],
              [
                -117.19860658049586,
                32.89616517127362
              ],
              [
                -117.19885870814323,
                32.896264286942035
              ]
            ],
            "type": "static"
          },
          {
            "id": "jzghynku",
            "name": "2",
            "polygonPoints": [
              [
                -117.19981357455256,
                32.89588147649308
              ],
              [
                -117.19989404082301,
                32.895372378999845
              ],
              [
                -117.19959899783134,
                32.89534084189072
              ],
              [
                -117.19949170947078,
                32.89598059247894
              ],
              [
                -117.19981357455256,
                32.89588147649308
              ]
            ],
            "type": "static"
          },
          {
            "id": "klmhqacs",
            "name": "22",
            "polygonPoints": [
              [
                -117.20035001635551,
                32.8960256451631
              ],
              [
                -117.20002278685573,
                32.89551654849843
              ],
              [
                -117.1996580064297,
                32.8956922547576
              ],
              [
                -117.20025882124904,
                32.89642210779578
              ],
              [
                -117.20035001635551,
                32.8960256451631
              ]
            ],
            "type": "static"
          },
          {
            "id": "mimxpxt",
            "name": "100",
            "polygonPoints": [
              [
                34.88530397415162,
                32.13571046880416,
                0
              ],
              [
                34.886612892150886,
                32.13465659377958,
                0
              ],
              [
                34.886130094528205,
                32.13401154357631,
                0
              ],
              [
                34.88448858261109,
                32.13495640429309,
                0
              ],
              [
                34.88530397415162,
                32.13571046880416,
                0
              ]
            ],
            "maxAlt": 100,
            "type": "static"
          }
        ],
        "perimeter": {
          "name": "P1",
          "polygonPoints": [
            [
              -117.20250215381384,
              32.898903259858955
            ],
            [
              -117.19134416431189,
              32.899353671485095
            ],
            [
              -117.1910222992301,
              32.88904768016955
            ],
            [
              -117.20333900302649,
              32.88962427078553
            ],
            [
              -117.20250215381384,
              32.898903259858955
            ]
          ]
        }
      }
    }
  ]
}