{
  "title": "DELIVERY_POINT_MISSION",
  "description": "The ship without land mission data is acctually the point where the drone will start descending and at the altitude above ground defined on configuration will start ascending back to operational alt and then return home",
  "allOf": [
    {
      "type": "object",
      "properties": {
        "name": {
          "type": "string",
          "description": "Mission name"
        },
        "point": {
          "$ref": "../../geo/GeoPoint.v1.json"
        },
        "containerHeight": {
          "type": "number",
          "description": "Container height. if not enterd it will be taken from configuration"
        },
        "heightAboveContainerForDrop": {
          "type": "number",
          "description": "AV height above Container. if not enterd it will be taken from configuration"
        },
        "deliveryType": {
          "type": "string",
          "enum": [
            "Winch",
            "Drop"
          ]
        },
        "deliveryAzimuth": {
          "type": "number",
          "minimum": 0,
          "maximum": 360,
          "description": "If deliveryType is drop, azimuth on delivery"
        },
        "IRLockStartHeight": {
          "type": "number",
          "description": "If deliveryType is drop, search heigh for IRLock"
        },
        "forceByRoute": {
          "$ref": "../MissionRequests/FORCE_BY_ROUTE_DATA.json"
        },
        "dynamicPartAltType": {
          "type": "string",
          "enum": [
            "auto",
            "forceByRoute_Alt"
          ],
          "description": "If forceByRoute exists - If set to forceByRoute_Alt, the dynamic routes will have the alts of the first and the last points of the static route"
        },
        "staticPartAltType": {
          "type": "string",
          "x-stoplight": {
            "id": "ksxzoda56xnq8"
          },
          "enum": [
            "operationalAlt",
            "manualAlt"
          ],
          "description": "If forceByRoute exists - If isAGL is false, staticPartAltType needs to be set to \"manualAlt\" in order to allow points in static route to be AGL/ASL"
        }
      },
      "required": [
        "name",
        "point"
      ]
    },
    {
      "$ref": "../MissionRequests/AGL_PARAMS.json"
    }
  ]
}