{
  "openapi": "3.0.0",
  "info": {
    "title": "Configuration",
    "version": "1.0"
  },
  "servers": [
    {
      "url": "http://localhost:7760"
    }
  ],
  "paths": {
    "/api/getConfiguration": {
      "post": {
        "summary": "getConfiguration",
        "operationId": "post-api-getConfiguration",
        "responses": {
          "200": {
            "description": "OK",
            "content": {
              "application/json": {
                "schema": {
                  "$ref": "../../Models/Configuration/configuration.v1.json"
                },
                "examples": {
                  "example-1": {}
                }
              }
            }
          }
        },
        "description": "Return the current system configuration rellevant parametes",
        "parameters": []
      },
      "parameters": [
        {
          "schema": {
            "type": "string"
          },
          "in": "header",
          "name": "Authorization",
          "required": false,
          "description": "bearer <<token>>"
        }
      ]
    }
  },
  "components": {
    "schemas": {}
  }
}