{
  "title": "ERROR",
  "x-stoplight": {
    "id": "2zzk9aog90cwn"
  },
  "type": "object",
  "description": "Formal Error type (Enum)",
  "examples": [
    {
      "error": "MissionUploadFail",
      "description": "Can't upload mission to drone"
    }
  ],
  "properties": {
    "error": {
      "type": "string",
      "enum": [
        "AuthError",
        "ValidationError",
        "InvalidParamValue",
        "GeneralError",
        "TakeOffFail",
        "MissionUploadFail",
        "ComputeRouteFail",
        "RhFail",
        "AllocationFail",
        "IllegalRoute",
        "LowEnergy",
        "LockedForRH",
        "NoComm",
        "DroneControllerError",
        "IllegalRequestOnStatus"
      ]
    },
    "description": {
      "type": "string"
    }
  },
  "required": [
    "error"
  ]
}