{
  "openapi": "3.0.0",
  "info": {
    "title": "auth",
    "version": "1.0"
  },
  "servers": [
    {
      "url": "http://localhost:7760"
    }
  ],
  "paths": {
    "/api/authMAPI": {
      "post": {
        "summary": "authMAPI",
        "operationId": "post-api-authMAPI",
        "responses": {
          "200": {
            "description": "OK",
            "content": {
              "application/json": {
                "schema": {
                  "allOf": [
                    {
                      "$ref": "../../Models/General/ASYNC_RESPONSE.v1.json"
                    },
                    {
                      "type": "object",
                      "properties": {
                        "data": {
                          "type": "object",
                          "properties": {
                            "access_token": {
                              "type": "string"
                            },
                            "expires_in": {
                              "type": "integer"
                            }
                          }
                        }
                      }
                    }
                  ]
                }
              }
            }
          }
        },
        "requestBody": {
          "content": {
            "application/json": {
              "schema": {
                "type": "object",
                "properties": {
                  "username": {
                    "type": "string"
                  },
                  "password": {
                    "type": "string"
                  },
                  "sub": {
                    "type": "string",
                    "description": "Who sends the request"
                  }
                },
                "required": [
                  "username",
                  "password"
                ]
              }
            }
          }
        },
        "description": ""
      }
    }
  },
  "components": {
    "schemas": {}
  }
}