{
  "title": "DTM_ROUTE",
  "x-stoplight": {
    "id": "0r3hb879bsvtu"
  },
  "type": "object",
  "properties": {
    "groundASL_Cartesian2": {
      "type": "array",
      "items": {
        "$ref": "../geo/CARTESIAN2.json"
      }
    },
    "routeASL_Cartesian2": {
      "type": "array",
      "items": {
        "$ref": "../geo/CARTESIAN2.json"
      }
    },
    "locationDrone_CARTESIAN2": {
      "$ref": "../geo/CARTESIAN2.json"
    },
    "graphRange": {
      "type": "object",
      "properties": {
        "minX": {
          "type": "number"
        },
        "maxX": {
          "type": "number"
        },
        "minY": {
          "type": "number"
        },
        "maxY": {
          "type": "number"
        }
      }
    },
    "airVehicleId": {
      "type": "string"
    },
    "taskId": {
      "type": "string"
    }
  }
}