{
  "title": "FLIGHT_COMMAND_SERVICE_STATUS",
  "x-stoplight": {
    "id": "fs7zfh3v30vkc"
  },
  "type": "object",
  "properties": {
    "timeStamp": {
      "type": "number"
    },
    "status": {
      "type": "string",
      "enum": [
        "N/A",
        "Pending",
        "InProcess",
        "Error"
      ]
    },
    "moveServiceStatus": {
      "type": "object",
      "properties": {
        "general": {
          "type": "string",
          "enum": [
            "Stop",
            "Run"
          ]
        },
        "algorithms": {
          "type": "object",
          "properties": {
            "MoveXY": {
              "type": "string",
              "enum": [
                "Stop",
                "Run"
              ]
            },
            "MoveToLocation": {
              "type": "string",
              "enum": [
                "Stop",
                "Run"
              ]
            },
            "Turn": {
              "type": "string",
              "enum": [
                "Stop",
                "Run"
              ]
            }
          }
        }
      }
    }
  }
}