{
  "title": "AUTONOMOUS_ROUTE_PROGRESS_STATUS",
  "x-stoplight": {
    "id": "gn9nxr61eufec"
  },
  "type": "object",
  "properties": {
    "id": {
      "type": "string"
    },
    "timestamp": {
      "type": "number"
    },
    "algorithmStatus": {
      "type": "string",
      "enum": [
        "Started",
        "Paused",
        "resumeAlgorithm",
        "Stopped",
        "InProcess",
        "finished",
        "Unknown"
      ]
    },
    "pointsActionStatuses": {
      "type": "array",
      "items": {
        "$ref": "./AUTONOMOUS_POINT_STATUS.json"
      }
    },
    "flightStatus": {
      "type": "number"
    },
    "isRouteFinish": {
      "type": "boolean"
    },
    "isAllActionsDone": {
      "type": "boolean"
    },
    "metadata": {
      "type": "object"
    }
  }
}