{
  "title": "SCAN_ACTION_PARAMETERS",
  "type": "object",
  "properties": {
    "startScanYaw": {
      "type": "number"
    },
    "finishScanYaw": {
      "type": "number"
    },
    "relType": {
      "type": "string",
      "enum": [
        "North",
        "Body"
      ]
    },
    "pitch": {
      "type": "number"
    },
    "direction": {
      "type": "string",
      "enum": [
        "clockwise",
        "counterClockwise"
      ]
    }
  },
  "required": [
    "startScanYaw",
    "finishScanYaw",
    "relType",
    "pitch",
    "direction"
  ]
}
