{
  "title": "SHIP_MISSION",
  "description": "The shipment mission data is actually a point that the air vehicle can take off from or ship to.\nThe shipment flight altitude will be taken fron the air vehicleoperational flight altitude.\nWhen the air vehicle will pass the route PNR the altitude will set according to the shiping point alt so it is important to set the exact altitude of both the take off shipment point and the destination shipment point ",
  "allOf": [
    {
      "type": "object",
      "properties": {
        "name": {
          "type": "string",
          "description": "Mission name\n"
        },
        "point": {
          "$ref": "../../geo/GeoPoint.v1.json"
        },
        "forceByRoute": {
          "$ref": "../MissionRequests/FORCE_BY_ROUTE_DATA.json"
        },
        "dynamicPartAltType": {
          "type": "string",
          "enum": [
            "auto",
            "forceByRoute_Alt"
          ],
          "description": "If forceByRoute exists - If set to forceByRoute_Alt, the dynamic routes will have the alts of the first and the last points of the static route"
        },
        "staticPartAltType": {
          "type": "string",
          "x-stoplight": {
            "id": "ecp93pmoxboj5"
          },
          "enum": [
            "operationalAlt",
            "manualAlt"
          ],
          "description": "If forceByRoute exists - If isAGL is false, staticPartAltType needs to be set to \"manualAlt\" in order to allow points in static route to be AGL/ASL"
        }
      },
      "required": [
        "name",
        "point"
      ]
    },
    {
      "$ref": "../MissionRequests/AGL_PARAMS.json"
    }
  ]
}