{
  "title": "GEOPOINT3D",
  "type": "object",
  "x-examples": {},
  "description": "Lat lon and altitude of point ASL",
  "examples": [
    {
      "latitude": 34.81,
      "longitude": 32.161,
      "altitude": 50
    }
  ],
  "properties": {
    "latitude": {
      "type": "number",
      "example": 32.81,
      "minimum": -90,
      "maximum": 90
    },
    "longitude": {
      "type": "number",
      "minimum": -180,
      "maximum": 180,
      "example": 34.161
    },
    "altitude": {
      "type": "number",
      "example": 50,
      "default": 0
    }
  },
  "required": [
    "latitude",
    "longitude",
    "altitude"
  ]
}