{
  "title": "TARGET_TRACKING_MISSION",
  "x-stoplight": {
    "id": "c1c9f7f06f4b4"
  },
  "type": "object",
  "description": "The Track Point Mission parameters",
  "examples": [
    {
      "trackPointLocation": {
        "latitude": 34.81,
        "longitude": 32.161,
        "altitude": 50
      },
      "name": "string",
      "distanceFromTrackPoint": 0,
      "trackPointAGL": 0,
      "setAngleToTarget": true,
      "angleToTrackPoint": 0,
      "isAGLFlight": true,
      "missionAGL": 0,
      "droneHeadingTypeAtLastRoutePoint": "ToGimbal",
      "headingAtLastRoutePoint": 0
    }
  ],
  "properties": {
    "trackPointLocation": {
      "$ref": "../../geo/GEOPOINT3D.v1.json",
      "description": "Altitude is ignored"
    },
    "name": {
      "type": "string",
      "description": "The mission name"
    },
    "distanceFromTrackPoint": {
      "type": "number",
      "description": "The minimum distance from the track point that the drone will be fly to using the mission route.\nIf it is impossible to fly to the requested point with the requested distance, the system can increase the distance.\nIf that field is not set - FlightOps will use the config default."
    },
    "trackPointAGL": {
      "type": "number",
      "description": "If the point is above the ground DTM data then the parameter will be added to the point altitude.\nDefault is 0."
    },
    "setAngleToTarget": {
      "type": "boolean",
      "description": "If true - the mission route calculation will use the angleToTrackPoint parameter.\nIf false - default configuration will be used and the drone will fly to the shortest route."
    },
    "angleToTrackPoint": {
      "$ref": "../../General/heading.json"
    },
    "isAGLFlight": {
      "type": "boolean",
      "description": "If AGL flight defined then the mission route will calculated according to the missionAGL field.\nIn case of false - the flight will be according to the drone operational altitude."
    },
    "missionAGL": {
      "type": "number",
      "description": "The AGL flight requested altitude.\nThe field is requiered if siAGLFlight is set to true.\n"
    },
    "droneHeadingTypeAtLastRoutePoint": {
      "$ref": "../MissionRequests/headingType.json",
      "description": "used if headingAtLastRoutePoint is \"Set\""
    },
    "headingAtLastRoutePoint": {
      "$ref": "../../General/heading.json"
    }
  },
  "required": [
    "trackPointLocation",
    "name",
    "setAngleToTarget",
    "isAGLFlight",
    "droneHeadingTypeAtLastRoutePoint"
  ]
}